nm4043618,Tom Holland (X),,"Actor, Spider-Man: Homecoming (2017)",21,,https://m.media-amazon.com/images/M/MV5BNzZiNTEyNTItYjNhMS00YjI2LWIwMWQtZmYwYTRlNjMyZTJjXkEyXkFqcGdeQXVyMTExNzQzMDE0._V1_.jpg,5472,3648,"[vi1891615001,'The Devil All the Time' Director & Star Break Down That Spider Scene,1:21,https://m.media-amazon.com/images/M/MV5BODMwNjc5MWYtNzM4Ni00ZTA0LTk1YzMtYjQ3ZmM3OTNkYjY2XkEyXkFqcGdeQWRvb2xpbmhk._V1_.jpg,800,1423],[vi2251342617,Official Trailer 2,2:24,https://m.media-amazon.com/images/M/MV5BMTZhNGNlYzMtMzE2Zi00MGNiLThmOGUtMGRkMWQ3ZTZlODliXkEyXkFqcGdeQXNuZXNodQ@@._V1_.jpg,2862,5000],[vi3720921881,Tom Holland and Zendaya Answer Fan Questions,4:26,https://m.media-amazon.com/images/M/MV5BMWRmNmJmOGEtMjE4OS00N2E4LTlmMmEtYmQ2YTQ2MjBmMjc5XkEyXkFqcGdeQWZlZGVyaWdh._V1_.jpg,1080,1920]",120,
nm0271657,Tom Felton,,"Actor, Harry Potter and the Sorcerer's Stone (2001)",75,,https://m.media-amazon.com/images/M/MV5BMTY0NDU1NzU5OF5BMl5BanBnXkFtZTgwODY0MzQyMDI@._V1_.jpg,2048,1486,"[vi3842029337,Grant Gustin Teases ""Flashpoint"" Plotline and ""Supergirl"" Coming to the CW,3:17,https://m.media-amazon.com/images/M/MV5BMTU1OTkxODIzMl5BMl5BanBnXkFtZTgwODAzMjM1OTE@._V1_.jpg,1080,1920],[vi1128055577,Trailer,1:57,https://m.media-amazon.com/images/M/MV5BZGMwYTk1MDQtN2M2Mi00MzMyLTlkYTEtN2I2NWZhMDRhZmNiXkEyXkFqcGdeQWxiaWFtb250._V1_.jpg,1080,1920],[vi1236646425,Tom Felton: Movie & TV Moments,1:05,https://m.media-amazon.com/images/M/MV5BZGZmZmVjNzQtMmExOS00MzZkLTlmYjUtOTA1MGM0NmM5ZWJjXkEyXkFqcGdeQXRodW1ibmFpbC1pbml0aWFsaXplcg@@._V1_.jpg,1080,1920]",52,
nm0362766,Tom Hardy (I),,"Actor, Inception (2010)",89,,https://m.media-amazon.com/images/M/MV5BMTQ3ODEyNjA4Nl5BMl5BanBnXkFtZTgwMTE4ODMyMjE@._V1_.jpg,2048,1366,,0,
nm0000158,Tom Hanks,,"Producer, Cast Away (2000)",127,,https://m.media-amazon.com/images/M/MV5BMTQ2MjMwNDA3Nl5BMl5BanBnXkFtZTcwMTA2NDY3NQ@@._V1_.jpg,2048,1417,,0,
nm0000129,Tom Cruise,,"Actor, Top Gun (1986)",169,,https://m.media-amazon.com/images/M/MV5BMTk1MjM3NTU5M15BMl5BanBnXkFtZTcwMTMyMjAyMg@@._V1_.jpg,400,305,,0,
tt5057054,Tom Clancy's Jack Ryan,TV series,"John Krasinski, Wendell Pierce",384,2018,https://m.media-amazon.com/images/M/MV5BNDg1Zjc4YzktMmRmZi00ZWJmLWJiYzgtYjg3MmE0OTM1NzY5XkEyXkFqcGdeQXVyMTkxNjUyNQ@@._V1_.jpg,1500,1019,,0,2018-
nm1089991,Tom Hiddleston,,"Actor, The Avengers (2012)",467,,https://m.media-amazon.com/images/M/MV5BNWYwODAyZjAtOTQ1My00MDY2LTg0NDQtZGFiMDRiYzY4ZmM2XkEyXkFqcGdeQXVyNjg2NjQwMDQ@._V1_.jpg,3217,2369,,0,
nm2584392,Tom Hopper (I),,"Actor, Black Sails (2014-2017)",755,,https://m.media-amazon.com/images/M/MV5BN2Y1OGZjNWUtYTdmMy00OGQxLTg5MmYtOTRjMjMxZWI1NTJhXkEyXkFqcGdeQXVyMjQwMDg0Ng@@._V1_.jpg,400,600,,0,
