{
    "d": [
        {
            "i": {
                "height": 5472,
                "imageUrl": "https://m.media-amazon.com/images/M/MV5BNzZiNTEyNTItYjNhMS00YjI2LWIwMWQtZmYwYTRlNjMyZTJjXkEyXkFqcGdeQXVyMTExNzQzMDE0._V1_.jpg",
                "width": 3648
            },
            "id": "nm4043618",
            "l": "Tom Holland (X)",
            "rank": 21,
            "s": "Actor, Spider-Man: Homecoming (2017)",
            "v": [
                {
                    "i": {
                        "height": 800,
                        "imageUrl": "https://m.media-amazon.com/images/M/MV5BODMwNjc5MWYtNzM4Ni00ZTA0LTk1YzMtYjQ3ZmM3OTNkYjY2XkEyXkFqcGdeQWRvb2xpbmhk._V1_.jpg",
                        "width": 1423
                    },
                    "id": "vi1891615001",
                    "l": "'The Devil All the Time' Director & Star Break Down That Spider Scene",
                    "s": "1:21"
                },
                {
                    "i": {
                        "height": 2862,
                        "imageUrl": "https://m.media-amazon.com/images/M/MV5BMTZhNGNlYzMtMzE2Zi00MGNiLThmOGUtMGRkMWQ3ZTZlODliXkEyXkFqcGdeQXNuZXNodQ@@._V1_.jpg",
                        "width": 5000
                    },
                    "id": "vi2251342617",
                    "l": "Official Trailer 2",
                    "s": "2:24"
                },
                {
                    "i": {
                        "height": 1080,
                        "imageUrl": "https://m.media-amazon.com/images/M/MV5BMWRmNmJmOGEtMjE4OS00N2E4LTlmMmEtYmQ2YTQ2MjBmMjc5XkEyXkFqcGdeQWZlZGVyaWdh._V1_.jpg",
                        "width": 1920
                    },
                    "id": "vi3720921881",
                    "l": "Tom Holland and Zendaya Answer Fan Questions",
                    "s": "4:26"
                }
            ],
            "vt": 120
        },
        {
            "i": {
                "height": 2048,
                "imageUrl": "https://m.media-amazon.com/images/M/MV5BMTY0NDU1NzU5OF5BMl5BanBnXkFtZTgwODY0MzQyMDI@._V1_.jpg",
                "width": 1486
            },
            "id": "nm0271657",
            "l": "Tom Felton",
            "rank": 75,
            "s": "Actor, Harry Potter and the Sorcerer's Stone (2001)",
            "v": [
                {
                    "i": {
                        "height": 1080,
                        "imageUrl": "https://m.media-amazon.com/images/M/MV5BMTU1OTkxODIzMl5BMl5BanBnXkFtZTgwODAzMjM1OTE@._V1_.jpg",
                        "width": 1920
                    },
                    "id": "vi3842029337",
                    "l": "Grant Gustin Teases \"Flashpoint\" Plotline and \"Supergirl\" Coming to the CW",
                    "s": "3:17"
                },
                {
                    "i": {
                        "height": 1080,
                        "imageUrl": "https://m.media-amazon.com/images/M/MV5BZGMwYTk1MDQtN2M2Mi00MzMyLTlkYTEtN2I2NWZhMDRhZmNiXkEyXkFqcGdeQWxiaWFtb250._V1_.jpg",
                        "width": 1920
                    },
                    "id": "vi1128055577",
                    "l": "Trailer",
                    "s": "1:57"
                },
                {
                    "i": {
                        "height": 1080,
                        "imageUrl": "https://m.media-amazon.com/images/M/MV5BZGZmZmVjNzQtMmExOS00MzZkLTlmYjUtOTA1MGM0NmM5ZWJjXkEyXkFqcGdeQXRodW1ibmFpbC1pbml0aWFsaXplcg@@._V1_.jpg",
                        "width": 1920
                    },
                    "id": "vi1236646425",
                    "l": "Tom Felton: Movie & TV Moments",
                    "s": "1:05"
                }
            ],
            "vt": 52
        },
        {
            "i": {
                "height": 2048,
                "imageUrl": "https://m.media-amazon.com/images/M/MV5BMTQ3ODEyNjA4Nl5BMl5BanBnXkFtZTgwMTE4ODMyMjE@._V1_.jpg",
                "width": 1366
            },
            "id": "nm0362766",
            "l": "Tom Hardy (I)",
            "rank": 89,
            "s": "Actor, Inception (2010)"
        },
        {
            "i": {
                "height": 2048,
                "imageUrl": "https://m.media-amazon.com/images/M/MV5BMTQ2MjMwNDA3Nl5BMl5BanBnXkFtZTcwMTA2NDY3NQ@@._V1_.jpg",
                "width": 1417
            },
            "id": "nm0000158",
            "l": "Tom Hanks",
            "rank": 127,
            "s": "Producer, Cast Away (2000)"
        },
        {
            "i": {
                "height": 400,
                "imageUrl": "https://m.media-amazon.com/images/M/MV5BMTk1MjM3NTU5M15BMl5BanBnXkFtZTcwMTMyMjAyMg@@._V1_.jpg",
                "width": 305
            },
            "id": "nm0000129",
            "l": "Tom Cruise",
            "rank": 169,
            "s": "Actor, Top Gun (1986)"
        },
        {
            "i": {
                "height": 1500,
                "imageUrl": "https://m.media-amazon.com/images/M/MV5BNDg1Zjc4YzktMmRmZi00ZWJmLWJiYzgtYjg3MmE0OTM1NzY5XkEyXkFqcGdeQXVyMTkxNjUyNQ@@._V1_.jpg",
                "width": 1019
            },
            "id": "tt5057054",
            "l": "Tom Clancy's Jack Ryan",
            "q": "TV series",
            "rank": 384,
            "s": "John Krasinski, Wendell Pierce",
            "y": 2018,
            "yr": "2018-"
        },
        {
            "i": {
                "height": 3217,
                "imageUrl": "https://m.media-amazon.com/images/M/MV5BNWYwODAyZjAtOTQ1My00MDY2LTg0NDQtZGFiMDRiYzY4ZmM2XkEyXkFqcGdeQXVyNjg2NjQwMDQ@._V1_.jpg",
                "width": 2369
            },
            "id": "nm1089991",
            "l": "Tom Hiddleston",
            "rank": 467,
            "s": "Actor, The Avengers (2012)"
        },
        {
            "i": {
                "height": 400,
                "imageUrl": "https://m.media-amazon.com/images/M/MV5BN2Y1OGZjNWUtYTdmMy00OGQxLTg5MmYtOTRjMjMxZWI1NTJhXkEyXkFqcGdeQXVyMjQwMDg0Ng@@._V1_.jpg",
                "width": 600
            },
            "id": "nm2584392",
            "l": "Tom Hopper (I)",
            "rank": 755,
            "s": "Actor, Black Sails (2014-2017)"
        }
    ],
    "q": "tom",
    "v": 1
}